{"fold1":{"ann1":0.29004329,"ann2":0.2164502165,"ann3":0.2207792208,"ann4":0.2683982684,"knn1":0.3766233766,"knn5":0.3593073593,"knn10":0.341991342},"fold2":{"ann1":0.2782608696,"ann2":0.2347826087,"ann3":0.2434782609,"ann4":0.2652173913,"knn1":0.3782608696,"knn5":0.3565217391,"knn10":0.2956521739},"fold3":{"ann1":0.3217391304,"ann2":0.2652173913,"ann3":0.2434782609,"ann4":0.2869565217,"knn1":0.3608695652,"knn5":0.3869565217,"knn10":0.3826086957},"fold4":{"ann1":0.4260869565,"ann2":0.2304347826,"ann3":0.2217391304,"ann4":0.2304347826,"knn1":0.4173913043,"knn5":0.3347826087,"knn10":0.3347826087},"fold5":{"ann1":0.4391304348,"ann2":0.2043478261,"ann3":0.2347826087,"ann4":0.2652173913,"knn1":0.3434782609,"knn5":0.3304347826,"knn10":0.3652173913},"mean":{"ann1":0.3510521363,"ann2":0.230246565,"ann3":0.2328514963,"ann4":0.2632448711,"knn1":0.3753246753,"knn5":0.3536006023,"knn10":0.3440504423}}