{"fold1":{"cnn":0.0886250138,"knn1":0.032125,"knn5":0.03425,"knn10":0.038875},"fold2":{"cnn":0.0856249928,"knn1":0.034625,"knn5":0.037625,"knn10":0.042875},"fold3":{"cnn":0.0807499886,"knn1":0.033,"knn5":0.035625,"knn10":0.0395},"fold4":{"cnn":0.0842499733,"knn1":0.036,"knn5":0.037625,"knn10":0.042375},"fold5":{"cnn":0.0768749714,"knn1":0.03275,"knn5":0.033625,"knn10":0.0375},"mean":{"cnn":0.083224988,"knn1":0.0337,"knn5":0.03575,"knn10":0.040225}}