{"fold1":{"cnn":0.0102499723},"fold2":{"cnn":0.0091249943},"fold3":{"cnn":0.0080000162},"fold4":{"cnn":0.0082499981},"fold5":{"cnn":0.0056250095},"mean":{"cnn":0.0082499981}}